Model,MAE,RMSE,R2
Baseline_Model,16921.41272968827,17788.333483249495,-9.793179953299697
Feature_Engineered_Model,1051.48369025791,1345.5066636556885,0.9382480610491422
